selector,rules,earlierOnly,conflictCount,conflicts,classification
".input-method-row","3","border-bottom|padding|overflow-x","1","padding:.input-center-compact-setup input,.input-center-compact-setup select | .input-center-compact-setup select,
.input-review-filters select,
.input-center-meta select | .input-method-row button | .input-storage-inline","MANUAL_VISUAL_REVIEW"
".input-method-row>b","3","font-size|color|white-space","3","font-size:.input-center-compact-setup label | .input-method-row button || color:.input-center-compact-setup label | .input-center-compact-setup select,
.input-review-filters select,
.input-center-meta select | .input-method-row button | .input-method-row button.active | .input-storage-inline>span || white-space:.input-method-row button","MANUAL_VISUAL_REVIEW"
".input-center-compact-setup","5","margin-top|display|grid-template-columns|gap|align-items|width","4","margin-top:/* v0.80.36 input workflow compact */
.input-center-compact-setup | .input-center-actions.compact-actions | .input-center-paste.direct-only || display:.input-center-compact-setup label | .input-method-row | /* v0.80.36 input workflow compact */
.input-center-compact-setup | .input-center-actions.compact-actions | .input-storage-inline | .input-storage-inline label || gap:.input-center-compact-setup label | .input-method-row | /* v0.80.36 input workflow compact */
.input-center-compact-setup | .input-center-actions.compact-actions | .input-storage-inline | .input-storage-inline label || align-items:.input-method-row | /* v0.80.36 input workflow compact */
.input-center-compact-setup | .input-center-actions.compact-actions | .input-storage-inline | .input-storage-inline label","MANUAL_VISUAL_REVIEW"
".input-center-compact-setup label","3","font-size|font-weight|color|display|gap","5","font-size:.input-method-row button || font-weight:.input-center-compact-setup select,
.input-review-filters select,
.input-center-meta select | .input-method-row button || color:.input-center-compact-setup select,
.input-review-filters select,
.input-center-meta select | .input-method-row button | .input-method-row button.active || display:.input-center-compact-setup | .input-method-row | /* v0.80.36 input workflow compact */
.input-center-compact-setup || gap:.input-center-compact-setup | .input-method-row | /* v0.80.36 input workflow compact */
.input-center-compact-setup","MANUAL_VISUAL_REVIEW"
".input-center-compact-setup label.grow","4","flex-basis|flex","0","","SAFE_MOVE_TO_FINAL"
".communication-grid","2","display|gap","1","display:.communication-card span","MANUAL_VISUAL_REVIEW"
".dashboard-report-program-row","3","gap|display|align-items|column-gap|min-height|width|box-sizing","4","gap:.dashboard-report-student-detail .history-summary | .dashboard-report-program-list || display:.dashboard-report-student-detail .history-summary | .dashboard-report-program-list || width:/* v0.80.58 review: report status detail alignment */
.dashboard-report-student-detail | .dashboard-report-student-detail .history-summary | .dashboard-report-student-detail .history-summary>span | .dashboard-report-program-list | .dashboard-report-program-row>.btn.compact || box-sizing:/* v0.80.58 review: report status detail alignment */
.dashboard-report-student-detail | .dashboard-report-student-detail .history-summary | .dashboard-report-student-detail .history-summary>span | .dashboard-report-program-row>.btn.compact","MANUAL_VISUAL_REVIEW"
".dashboard-report-student-detail .history-summary","2","display|gap|width|box-sizing","4","display:.dashboard-report-program-list | .dashboard-report-program-row || gap:.dashboard-report-program-list || width:.dashboard-report-program-list | .dashboard-report-program-row | .dashboard-report-program-row>.btn.compact || box-sizing:.dashboard-report-program-row | .dashboard-report-program-row>.btn.compact","MANUAL_VISUAL_REVIEW"
".dashboard-report-program-row>.btn.compact","2","min-width|box-sizing|text-align","0","","SAFE_MOVE_TO_FINAL"
".growth-axis-grid","2","display|gap","2","display:.growth-value-mini | .growth-value-mini article | .growth-teacher-guide>div | .growth-teacher-guide em | .growth-sdg-grid | .growth-sdg-chip | .growth-sdg-detail article | .selection-compare-panel header | .selection-compare-grid | .selection-compare-title | .selection-compare-columns | .selection-compare-columns p | .selection-change-summary || gap:.growth-value-mini | .growth-teacher-guide>div | .growth-sdg-grid | .growth-sdg-chip | .growth-sdg-detail article | .selection-compare-panel header | .selection-compare-grid | .selection-compare-columns | .selection-compare-columns p | .selection-change-summary","MANUAL_VISUAL_REVIEW"
".growth-sdg-grid","2","display|gap|margin-top","3","display:.growth-sdg-detail article | .selection-compare-panel header | .selection-compare-grid | .selection-compare-title | .selection-compare-columns | .selection-compare-columns p | .selection-change-summary || gap:.growth-sdg-detail article | .selection-compare-panel header | .selection-compare-grid | .selection-compare-columns | .selection-compare-columns p | .selection-change-summary || margin-top:.selection-compare-grid | .selection-compare-columns | .selection-change-summary","MANUAL_VISUAL_REVIEW"
".growth-sdg-detail article","2","display|flex-direction|gap|margin|border-radius|background","5","display:.selection-compare-panel header | .selection-compare-grid | .selection-compare-title | .selection-compare-columns | .selection-compare-columns p | .selection-change-summary | .selection-error-history header | .selection-error-history-grid || gap:.selection-compare-panel header | .selection-compare-grid | .selection-compare-columns | .selection-compare-columns p | .selection-change-summary | .selection-error-history header | .selection-error-history-grid || margin:/* UEP 0.80.82 */
.selection-error-history,.growth-program-guide || border-radius:.selection-compare-card | .selection-compare-columns>div | .selection-compare-columns span | /* UEP 0.80.82 */
.selection-error-history,.growth-program-guide | .selection-error-history-grid article || background:.selection-compare-card.changed | .selection-compare-columns>div | .selection-compare-columns span | /* UEP 0.80.82 */
.selection-error-history,.growth-program-guide | .selection-error-history-grid article | .selection-error-history-grid article.warning | .selection-error-history-grid article.resolved | .selection-error-history-grid article.waiting","MANUAL_VISUAL_REVIEW"
".dorm-outing-editor-grid","2","display|gap","0","","SAFE_MOVE_TO_FINAL"
".dorm-outing-editor-grid .wide","2","","0","","SAFE_COLLAPSE"
".neis-record-validator>header","2","display|justify-content|align-items|gap","3","display:.neis-empty | .neis-summary | .neis-summary button b | .neis-record-list | .neis-record-list header | .neis-issues | .neis-issues div || justify-content:.neis-record-list header || gap:.neis-empty | .neis-summary | .neis-record-list | .neis-issues | .neis-issues div","MANUAL_VISUAL_REVIEW"
".neis-summary","2","display|gap","2","display:.neis-summary button b | .neis-record-list | .neis-record-list header | .neis-issues | .neis-issues div || gap:.neis-record-list | .neis-issues | .neis-issues div","MANUAL_VISUAL_REVIEW"
".neis-summary em","2","align-self|font-style|color|font-size","2","color:.neis-original | .neis-original mark | .neis-issues b | .neis-issues span,.neis-pass || font-size:.neis-issues span,.neis-pass","MANUAL_VISUAL_REVIEW"
".selection-hero","2","display|justify-content|gap|padding|border-radius|background","6","display:.selection-hero>div:last-child | .selection-hero span b,.selection-subject-summary b | .selection-kpi-grid | .selection-kpi-grid small,.selection-kpi-grid span | .selection-kpi-grid b | .selection-section>header | .selection-error-group article | .selection-subject-summary | .selection-roster-head,.selection-roster article | .dorm-badge | .selection-message-list | .selection-message-list article header || justify-content:.selection-section>header | .selection-message-list article header || gap:.selection-hero>div:last-child | .selection-kpi-grid | .selection-section>header | .selection-error-group article | .selection-subject-summary | .selection-roster-head,.selection-roster article | .selection-message-list || padding:.selection-hero span,.selection-subject-summary span | .selection-kpi-grid button | .selection-section | .selection-section select | .selection-error-group h4 | .selection-error-group article | .selection-roster-head,.selection-roster article | .dorm-badge | .selection-estimate-note | .selection-message-list article | .selection-message-list textarea | .standalone-feature-head || border-radius:.selection-hero span,.selection-subject-summary span | .selection-kpi-grid button | .selection-section | .selection-section select | .selection-error-group h4 | .selection-roster-head | .dorm-badge | .selection-estimate-note | .selection-message-list article | .selection-message-list textarea | .standalone-feature-head || background:.selection-hero span,.selection-subject-summary span | .selection-kpi-grid button | .selection-section | .selection-error-group h4 | .selection-roster-head | .dorm-badge | .selection-estimate-note | .standalone-feature-head","MANUAL_VISUAL_REVIEW"
".selection-section>header","2","display|justify-content|gap","3","display:.selection-error-group article | .selection-subject-summary | .selection-roster-head,.selection-roster article | .dorm-badge | .selection-message-list | .selection-message-list article header || justify-content:.selection-message-list article header || gap:.selection-error-group article | .selection-subject-summary | .selection-roster-head,.selection-roster article | .selection-message-list","MANUAL_VISUAL_REVIEW"
".selection-section select","2","padding|border|border-radius","3","padding:.selection-error-group h4 | .selection-error-group article | .selection-roster-head,.selection-roster article | .dorm-badge | .selection-estimate-note | .selection-message-list article | .selection-message-list textarea | .standalone-feature-head || border:.selection-message-list article | .selection-message-list textarea || border-radius:.selection-error-group h4 | .selection-roster-head | .dorm-badge | .selection-estimate-note | .selection-message-list article | .selection-message-list textarea | .standalone-feature-head","MANUAL_VISUAL_REVIEW"
".selection-roster-head,.selection-roster article","2","display|gap|align-items|padding","4","display:.dorm-badge | .selection-message-list | .selection-message-list article header || gap:.selection-message-list || align-items:.selection-section>header || padding:.dorm-badge | .selection-estimate-note | .selection-message-list article | .selection-message-list textarea | .standalone-feature-head","MANUAL_VISUAL_REVIEW"
".curriculum-filter-bar .record-class-cards","3","flex|order|display|gap","4","flex:/* __UEP_REFINEMENT_STYLE_08107__ */
.curriculum-query-top | .curriculum-filter-bar .uep-student-picker || order:/* __UEP_REFINEMENT_STYLE_08107__ */
.curriculum-query-top | .curriculum-filter-bar>label,.curriculum-filter-bar>[data-curriculum-error-only] | .curriculum-filter-bar .uep-student-picker || display:.curriculum-class-head,.curriculum-class-list>button | .selection-error-count | .uep-student-picker | .uep-picker-main small,.uep-picker-main b | .uep-picker-menu button | .curriculum-student-detail>header,.subject-roster-detail>header | .term-picker-cards | .term-picker-cards b,.term-picker-cards span,.subject-card-grid small,.subject-card-grid b,.subject-card-grid span | .subject-card-grid | .subject-risk | .roster-sort | .neis-filter-report | .neis-filter-report label | .neis-decision-actions | body.printing-neis-report #sidebar,body.printing-neis-report #topbar,body.printing-neis-report .standalone-feature-head,body.printing-neis-report .neis-record-validator>header,body.printing-neis-report .neis-local-lock,body.printing-neis-report .neis-filter-report | .curriculum-term-grid-four | .roster-six-columns .selection-roster-head,.roster-six-columns article | .expected-grade-cell | .neis-rule-modal | .neis-rule-modal header || gap:.curriculum-class-head,.curriculum-class-list>button | .uep-student-picker | .term-picker-cards | .subject-card-grid | .roster-sort | .neis-filter-report | .neis-filter-report label | .neis-decision-actions | .curriculum-term-grid-four | .roster-six-columns .selection-roster-head,.roster-six-columns article | .neis-rule-modal header | .neis-rule-list | .neis-rule-list article | .neis-rule-modal footer","MANUAL_VISUAL_REVIEW"
".term-picker-cards","2","display|gap|margin","3","display:.term-picker-cards b,.term-picker-cards span,.subject-card-grid small,.subject-card-grid b,.subject-card-grid span | .subject-card-grid | .subject-risk | .roster-sort | .neis-filter-report | .neis-filter-report label | .neis-decision-actions || gap:.subject-card-grid | .roster-sort | .neis-filter-report | .neis-filter-report label | .neis-decision-actions || margin:.neis-filter-report","MANUAL_VISUAL_REVIEW"
".subject-card-grid","2","display|gap","2","display:.roster-sort | .neis-filter-report | .neis-filter-report label | .neis-decision-actions || gap:.roster-sort | .neis-filter-report | .neis-filter-report label | .neis-decision-actions","MANUAL_VISUAL_REVIEW"
".neis-decision-actions","2","gap|margin-top","0","","SAFE_MOVE_TO_FINAL"
".curriculum-term-grid-four","3","display|gap|align-items","3","display:.roster-six-columns .selection-roster-head,.roster-six-columns article | .expected-grade-cell | .neis-rule-modal | .neis-rule-modal header | .neis-rule-list | .neis-rule-list article | .neis-rule-modal footer || gap:.roster-six-columns .selection-roster-head,.roster-six-columns article | .neis-rule-modal header | .neis-rule-list | .neis-rule-list article | .neis-rule-modal footer || align-items:.roster-six-columns .selection-roster-head,.roster-six-columns article","MANUAL_VISUAL_REVIEW"
".roster-six-columns .selection-roster-head,.roster-six-columns article","2","display|align-items|gap","2","display:.neis-rule-modal | .neis-rule-modal header | .neis-rule-list | .neis-rule-list article | .neis-rule-modal footer || gap:.neis-rule-modal header | .neis-rule-list | .neis-rule-list article | .neis-rule-modal footer","MANUAL_VISUAL_REVIEW"
".neis-rule-list article","2","display|gap","2","display:.neis-rule-modal footer || gap:.neis-rule-modal footer","MANUAL_VISUAL_REVIEW"