"name","line","refs","snippet"
"tasksMarkup","1289","1","}).join("""")}</div>`; } function tasksMarkup() { return state.tasks .map("
"dormProgramIsHolisticTarget","1902","1","return ''; } function dormProgramIsHolisticTarget(program){ return program?.kind==='selected'||(program?.kind==='common'&&program?.reportRequired===true); }"
"nightMatrixStatus","2242","1","return {cls:""program"",label:title.length>8?`${title.slice(0,7)}…`:title,kind:program?.kind||""general""}; } function nightMatrixStatus(student, day, slot, rows) { const studentKey = attendanceStudentKey(student); const row = rows.find(item => item.date === day && nightSlotName(item) === slot && (String(item.studentId || """") === String(student.id || """") || attendanceStudentKey(item) === studentKey || String(item.studentNo || """") === String(student.studentNo || """")));"
"subjectsView","2587","1","$(""#drawerBody"").innerHTML = `<div class=""history-summary positive""><span><small>학번</small><b class=""privacy-sensitive-text"">${escapeHtml(student.studentNo||""-"")}</b></span><span><small>학급</small><b>${escapeHtml(student.className||""-"")}반</b></span><span><small>일자</small><b>${escapeHtml(day)}</b></span><span><small>시간</small><b>${escapeHtml(slot)}</b></span></div><div class=""drawer-section""><h4>야자출결 상세</h4><dl class=""detail-list""><dt>결과</dt><dd>${escapeHtml(row?.result||""출석 기록 없음"")}</dd><dt>소속·유형</dt><dd>${escapeHtml(row?.affiliation||row?.type||""일반 야자"")}</dd><dt>상세</dt><dd>${escapeHtml(row?.detail||""-"")}</dd><dt>원본 시간</dt><dd>${escapeHtml(row?.time||row?.period||slot)}</dd></dl></div><p class=""drawer-note"">방과후·야간심화·추가 프로그램 상태는 해당 프로그램 상세 화면으로 바로 연결됩니다.</p>`; } function subjectsView() { return `<div class=""module-page"">${toolbar(""학생·희망과목·오류 검색"", ""신청 입력"")}<div class=""data-card""><div class=""data-head student-grid""><span>학번</span><span>학생</span><span>1차 신청</span><span>상담</span><span>상태</span></div>${samples.students.map((r, i) => `<div class=""data-row student-grid""><b>${r[0]}</b><span>${r[1]}</span><span>${i === 2 ? ""미신청"" : ""완료""}</span><span>${i === 2 ? ""필요"" : ""-""}</span><span class=""state ${i === 2 ? ""warn"" : """"}"">${i === 2 ? ""확인 필요"" : ""정상""}</span></div>`).join("""")}</div></div>`;"
"schoolScheduleTimetableMarkup","2591","1","return `<div class=""module-page"">${toolbar(""학생·희망과목·오류 검색"", ""신청 입력"")}<div class=""data-card""><div class=""data-head student-grid""><span>학번</span><span>학생</span><span>1차 신청</span><span>상담</span><span>상태</span></div>${samples.students.map((r, i) => `<div class=""data-row student-grid""><b>${r[0]}</b><span>${r[1]}</span><span>${i === 2 ? ""미신청"" : ""완료""}</span><span>${i === 2 ? ""필요"" : ""-""}</span><span class=""state ${i === 2 ? ""warn"" : """"}"">${i === 2 ? ""확인 필요"" : ""정상""}</span></div>`).join("""")}</div></div>`; } function schoolScheduleTimetableMarkup(){ const anchor=new Date(`${calendarSelectedDate||dateKey(today)}T12:00:00`); const monday=new Date(anchor); monday.setDate(anchor.getDate()-((anchor.getDay()+6)%7));"
"inputCenterApplyStudentNo","2899","1","else toast(({'Excel·CSV':'교사 파일','문서 파일':'교사 파일'}[inputCenterConfig.source]||inputCenterConfig.source)==='수기 스캔'?`${incoming.length}장 → ${Math.ceil(incoming.length/per)}개 학생 보고서 묶음으로 가져왔습니다.`:`${incoming.length}개 파일을 배치로 가져왔습니다.`); } function inputCenterApplyStudentNo(draft,no){ const student=(readonlyCache?.students||[]).find(s=>String(s.studentNo||'')===String(no||'').trim()); if(student){draft.studentId=student.id||'';draft.studentNo=student.studentNo||'';draft.name=student.name||'';draft.grade=student.grade||String(student.studentNo||'').slice(0,1);draft.className=String(student.className||classNumberOf(student)||'').replace(/반/g,'');draft.matchStatus='교사확인';return true;}"
"inputCenterSuggestTarget","2957","1","$('[data-input-detail-save]')?.addEventListener('click',()=>{row.reviewText=$('[data-input-review-text]')?.value||'';row.status=row.reviewText?'텍스트검수완료':row.status;toast('확인한 내용을 저장했습니다.');closeDrawer();render('inputs');}); } function inputCenterSuggestTarget(rows=[]){ const joined=rows.map(r=>`${r.type||''} ${r.subtype||''} ${r.title||''}`).join(' ');"
"outputProgramCardMarkup","3149","1","return `<div class=""output-standard-section-head""><div><small>${escapeHtml(kicker)}</small><h3>${escapeHtml(title)}</h3><p>${escapeHtml(desc)}</p></div>${stats?`<div class=""output-standard-kpis"">${stats}</div>`:''}</div>`; } function outputProgramCardMarkup(item,selected=false,meta=''){ const title=item.actualTitle||item.title||item.recordTitle||item.name||String(item); return `<button class=""output-standard-program ${selected?'active':''}""><div><small>${escapeHtml(item.type||item.area||item.kind||'PROGRAM')}</small><h4>${escapeHtml(title)}</h4><p>${escapeHtml(meta||[item.date,item.time,item.place].filter(Boolean).join(' · ')||'운영정보 확인')}</p></div><em>${selected?'선택됨':'선택'} ›</em></button>`;"
"subjectsOutputPanel","3180","1","return `${outputStandardSection('REPORT CENTER','프로그램별 보고서','활동영역 → 프로그램 → 제출학생 → 실제 보고서 순서로 확인합니다.',`<span><b>${programs.length}</b>프로그램</span><span><b>${submitted}</b>제출</span><span><b>${missing}</b>미제출</span>`)}<div class=""output-scope-tabs standard""><button class=""active"" data-output-report-scope=""program"">프로그램별</button><button data-output-report-scope=""student"">학생 개인별</button></div>${outputCategoryCards('report')}<section class=""output-standard-stage""><header><div><small>STEP 02 · PROGRAM</small><h3>프로그램 선택</h3><p>프로그램ID 기준으로 동일 프로그램의 보고서를 한 카드로 묶습니다.</p></div></header><div class=""output-standard-program-grid"">${programs.map(p=>{const count=categoryRows.filter(r=>outputReportProgramKey(r)===p.key).length;return `<button class=""output-standard-program ${outputCenterState.program===p.key?'active':''}"" data-output-program-card=""${escapeHtml(p.key)}""><div><small>REPORT PROGRAM</small><h4>${escapeHtml(p.label)}</h4><p>보고서 ${count}건</p></div><em>${outputCenterState.program===p.key?'선택됨':'선택'} ›</em></button>`}).join('')||'<div class=""empty-state"">해당 영역의 보고서가 없습니다.</div>'}</div></section><section class=""output-standard-stage""><header><div><small>STEP 03 · STUDENTS</small><h3>제출 학생</h3><p>출력할 학생을 선택한 뒤 실제 보고서를 확인합니다.</p></div><div class=""output-bulk-actions""><span>${filtered.length}건</span><button class=""btn secondary"" data-output-select-visible>현재 목록 전체선택</button><button class=""btn primary"" data-output-bulk-report-print>선택 보고서 인쇄</button></div></header><div class=""output-table""><div class=""output-row head""><span></span><span>반</span><span>학번·이름</span><span>보고서</span><span>제출일</span><span>보기</span></div>${filtered.map(r=>`<div class=""output-row""><span>${outputCheckbox(r.id)}</span><span>${escapeHtml(r.classNo||'-')}반</span><span>${escapeHtml(`${r.studentNo||''} ${r.studentName||''}`)}</span><span><b>${escapeHtml(outputReportProgramLabel(r))}</b></span><span>${escapeHtml(reportSubmissionLabel(r))}</span><span><button class=""link-button"" data-open-student-report=""${escapeHtml(r.id)}"">보기</button></span></div>`).join('')||'<div class=""empty-state"">조건에 맞는 보고서가 없습니다.</div>'}</div></section>`; } function subjectsOutputPanel(){ const errors=readonlyCache?.selectionSubjectErrors||[]; const students=readonlyCache?.students||[];"
"studentReportsOutputPanel","3220","1","return studentCanonicalReports(student); } function studentReportsOutputPanel(){ const student=outputSelectedStudent(); const reports=student?studentAllReports(student):[];"
"emptyModule","3459","1","setTimeout(()=>URL.revokeObjectURL(a.href),1000); } function emptyModule(title, desc) { return `<div class=""module-page"">${toolbar(""학생·항목 검색"", ""자료 연결"")}<div class=""data-card empty-state""><span>◇</span><h3>${title}</h3><p>${desc}</p><button class=""btn primary"">연결 설정 보기</button></div></div>`;"
"issueReportButtonMarkup","3901","1","toast(next?'개인정보 보호 모드를 켰습니다. 기능은 유지하고 주요 개인정보만 가립니다.':'개인정보 보호 모드를 해제했습니다.'); } function issueReportButtonMarkup(){return `<button class=""nav"" id=""studentGuidanceButton""><span>✎</span><b>학생지도</b></button>`;} function openStudentGuidanceDialog(){"
"accessControlInlineMarkup","4008","1","return `<div class=""settings-tabs settings-final-tabs"">${tabs.map(([id,label])=>`<button class=""${settingsPanel===id?'active':''}"" data-settings-panel=""${id}"">${label}</button>`).join('')}</div>`; } function accessControlInlineMarkup(){ const p=currentUserProfile(), isAdmin=currentRoleId()===""admin"";"
"internalNineGradeReferenceMap","4346","1","return 9; } function internalNineGradeReferenceMap(rows){ const subjectGroups=new Map(); rows.forEach(row=>{"
"admissionCutLimit","4626","1",".replace(/[()·.\-_/]/g,""""); } function admissionCutLimit(value){ if(value===null||value===undefined||value==='')return null; const direct=Number(value);"
"counselRecordLabel","4780","1","return `<div class=""admission-manage-note growth-note""><b>${standard.name} 성장관리 기준</b> · 내신과 모의고사 기준을 함께 충족하면 핵심관리, 양쪽에 근거가 있으나 모의 일부기준만 충족하면 성장관리, 내신 또는 모의 한 종류만 충족하면 관심관리로 분류합니다. 내신은 실제 9등급 평균 ${standard.internal} 이내와 동일한 5등급 평균 그룹을 보호대상으로 포함합니다.</div>${filters}<div class=""admission-manage-summary""><span><b>${rows.length}</b><small>${stageLabel}</small></span><span><b>${rows.filter(x=>x.groupExpanded).length}</b><small>동일 5등급 그룹 포함</small></span><span><b>${rows.filter(x=>x.mockCore).length}</b><small>모의 핵심기준 충족</small></span><span><b>${rows.filter(x=>x.prep.after||x.prep.night||x.prep.selected).length}</b><small>학습·프로그램 이력</small></span><span><b>${rows.filter(x=>!x.prep.night&&!x.prep.after).length}</b><small>심화학습 추천 검토</small></span></div><div class=""data-card""><div class=""data-head admission-manage-grid""><span>학번</span><span>학생</span><span>반</span><span>관리단계</span><span>내신(5/9등급)</span><span>최근 모의고사</span><span>선정 이유</span><span>관리</span></div>${rows.map((x,i)=>`<div class=""data-row admission-manage-grid growth-row"" data-growth-student-id=""${escapeHtml(x.student.id||'')}""><b>${escapeHtml(x.student.studentNo)}</b><span>${escapeHtml(x.student.name)}</span><span>${escapeHtml(/반$/.test(String(x.student.className||''))?x.student.className:`${x.student.className||''}반`)}</span><span><em class=""management-stage stage-${x.stage}"">${stageName[x.stage]}</em></span><span class=""admission-grade-pair""><b>${x.base.avg5==null?'-':x.base.avg5.toFixed(2)} <small>5등급</small></b><strong>${x.base.actual9==null?'-':x.base.actual9.toFixed(2)} <small>9등급</small></strong><em class=""${x.directInternalOk?'direct':x.groupExpanded?'expanded':'not-met'}"">${x.directInternalOk?'직접 기준':x.groupExpanded?'동일그룹':'추이관찰'}</em></span><span><b>${escapeHtml(x.mock.exam||'-')}</b><small>${escapeHtml(x.mock.detail||'자료 없음')}</small><em class=""${x.mockCore?'mock-ok':'mock-no'}"">${x.mockCore?'핵심기준':'성장 가능성 확인'}</em></span><span class=""management-reasons"">${x.reasons.slice(0,2).map(r=>`<small>✓ ${escapeHtml(r)}</small>`).join('')}</span><button class=""btn secondary"" data-admission-manage-detail=""${i}"" data-admission-group=""${group}"">상세</button></div><div class=""admission-manage-detail hidden"" id=""admissionManageDetail-${group}-${i}""><b>추천 이유</b> · ${x.reasons.map(escapeHtml).join(' · ')}<br><b>관리 포인트</b> · ${x.managePoints.map(escapeHtml).join(' · ')}<br><b>운영 원칙</b> · 이 단계는 합격 예측이 아니라 상담·프로그램 추천·성적 추적의 우선순위입니다.</div>`).join('')||'<div class=""query-empty""><b>해당 관리단계의 학생이 없습니다.</b><span>다른 관리단계를 선택하거나 성적 연결 상태를 확인하세요.</span></div>'}</div>`; } function counselRecordLabel(row){ return '상담 메모';"
"recordAreaPanel","5125","1","return {programs,reports}; } function recordAreaPanel(student,bundle,area,label){ const collection=recordAreaCollection(student,bundle,area); const programIds=new Set(collection.programs.map(p=>String(p.programId||p.id||"""").replace(/^common-|^selected-|^after-session-/,"""")));"
"autoInferCareerDatesForClass","5292","1","} } async function autoInferCareerDatesForClass(student,bundle){ if(recordCareerAutoRunning||!student||recordWriterArea!==""career"")return; const programs=(bundle?.programs||[]).filter(p=>p.kind===""common""&&recordProgramArea(p)===""career"");"
"dateDistanceDays","5335","1","return /진로|진로와직업/.test(s)?""career"":""""; } function dateDistanceDays(a,b){ const x=new Date(`${a}T12:00:00`),y=new Date(`${b}T12:00:00`); return Math.abs(Math.round((x-y)/86400000));"
"careerDateEditor","5428","1","localStorage.setItem(recordCareerDateKey(activityId,classNo),JSON.stringify(value));return value; } function careerDateEditor(program,student){ if(recordProgramArea(program)!==""career""||program.kind!==""common"")return """"; const value=recordDateStatus(program,student);"
"extractRecordCore","5524","1","return p.recordTitle||p.actualTitle||p.title||row.title||row.report?.programName||""프로그램""; } function extractRecordCore(row){ const raw=recordEvidenceText(row).replace(/\s+/g,"" "").trim(); const responses=row.report?.responses||[];"
"normalizeRecordEnding","5534","1","return [...new Set(sentences.map(x=>x.replace(/^(나는|제가|저는|학생은)\s*/,"""")))].slice(0,3).join("" ""); } function normalizeRecordEnding(text){ let out=String(text||"""").replace(/\s+/g,"" "").trim(); out=out.replace(/나는|제가|저는/g,""학생은"").replace(/재미있었|신기했|좋았/g,""관심을 보였"");"
"recordEvidenceSignals","5540","1","return out; } function recordEvidenceSignals(row,area){ const responses=(row.report?.responses||[]).map(v=>String(v||"""").replace(/\s+/g,"" "").trim()).filter(Boolean); const text=responses.join("" "");"
"sdgsEvidenceForGoal","5697","1","return advice.length?advice:[""현재 보고서에 활동 과정·역할·성장이 비교적 잘 드러남""]; } function sdgsEvidenceForGoal(rows,no){ const meta=SDG_CATALOG.find(x=>x[0]===Number(no));if(!meta)return []; const rx=new RegExp(meta[2].source,""gi"");"
"stripProgramDatesFromRecordText","5923","1","</div>`; } function stripProgramDatesFromRecordText(value){ return String(value||"""") .replace(/\s*[（(]?(?:20\d{2}[.\-/년]\s*)?\d{1,2}[.\-/월]\s*\d{1,2}(?:일)?[）)]?/g,"" "")"
"programTopTabs","6177","1","return month?`${year}-${String(month).padStart(2,""0"")}`:""""; } function programTopTabs() { const tab=(mode,label)=>`<button data-program-mode=""${mode}"" class=""${programMode===mode?""active"":""""}"">${label}</button>`; return `<div class=""program-sticky-tabs"">${tab(""common"",""공통활동"")}${tab(""selected"",""선택활동"")}${tab(""after"",""방과후학교"")}${tab(""planning"",""프로그램 기획센터"")}</div>`;"
"formatTaskCompletedAt","6860","1","return weekdayNo===3?5:([1,2,4,5].includes(weekdayNo)?7:0); } function formatTaskCompletedAt(value){ if(!value)return """"; const date=new Date(value);"
"fixedTeacherTimetableReference","6958","1","return subject?{subject,room,changed:Boolean(cell.isChanged||cell.changed||cell.changeInfo),changeInfo:cell.changeInfo||""""}:null; } function fixedTeacherTimetableReference(teacher){ if(String(teacher||"""").trim()!==""홍석민"")return null; const week=Array.from({length:7},()=>Array(5).fill(""""));"
"homeroomWeekMarkup","7114","1","return `<div class=""module-page timetable-page""><div class=""timetable-tabs timetable-tabs-four"">${tabs.map((tab) => `<button class=""${state.timetableTab === tab[0] ? ""active"" : """"}"" data-timetable-tab=""${tab[0]}""><b>${tab[1]}</b><small>${tab[2]}</small></button>`).join("""")}</div>${content}</div>`; } function homeroomWeekMarkup() { return `<div class=""connection-guide""><span>NEIS</span><h3>학급시간표를 조회하세요</h3><p>정적 예시 시간표는 제거했습니다. 실제 학년·반을 선택한 NEIS 자료만 표시합니다.</p><button class=""btn primary"" data-reference=""homeroom-timetable"">학급 시간표 조회</button></div>`;"
"safeWidget","7168","1","return `<article class=""card widget-configurable widget-error-card"" ${widgetAttrs(key)}><div class=""card-head""><div><span class=""card-icon ci-coral"">!</span><strong>${escapeHtml(title)}</strong></div><button data-widget-settings=""${key}"">⚙</button></div><div class=""widget-empty""><span>!</span><b>이 위젯만 불러오지 못했습니다</b><small>${escapeHtml(message)}</small><button data-widget-retry=""${key}"">다시 시도</button></div></article>`; } function safeWidget(key, title, renderer) { try { return renderer(); }"
"dashboardTodayLessonsMarkup","7173","1","catch (error) { console.error(`widget:${key}`, error); return widgetErrorCard(key, title, error?.message || String(error)); } } function dashboardTodayLessonsMarkup() { const {week,days}=personalTimetableData();"
"dashboardSelectedDayMarkup","7201","1","return `<div class=""uep-mini-cal-head""><button data-dashboard-month-shift=""-1"" aria-label=""이전 달"">‹</button><b>${y}년 ${m+1}월</b><button data-dashboard-month-shift=""1"" aria-label=""다음 달"">›</button><button data-dashboard-month-today>오늘</button></div><div class=""uep-mini-cal""><div class=""sunday"">일</div><div>월</div><div>화</div><div>수</div><div>목</div><div>금</div><div class=""saturday"">토</div>${cells}</div>`; } function dashboardSelectedDayMarkup(){ const key=dashboardSelectedDate||dateKey(today);"
"currentUserOvertimeTasks","7222","1","$$(""#drawerBody [data-dashboard-calendar-full]"").forEach(button=>button.onclick=()=>{calendarSelectedDate=button.dataset.dashboardCalendarTarget||key;state.calendarMode=button.dataset.dashboardCalendarFull||""month"";calendarHubMode=""schedule"";closeDrawer();navigate(""calendar"");}); } function currentUserOvertimeTasks(){ const person=currentLoginTeacherName();"
"dashboardCompactTasksMarkup","7252","1","return overtime.filter((item,index,array)=>array.findIndex(other=>other.source===item.source)===index); } function dashboardCompactTasksMarkup(){ const projectTasks=(state.tasks||[]).filter(task=>task&&task.project===""UEP"").sort((a,b)=>Number(a.order||999)-Number(b.order||999));"
"dashboardCompactNoticesMarkup","7274","1","return `<div class=""uep-simple-list"">${list.length?list.map((p,i)=>`<button ${p.kind===""calendar-first-grade""?`data-school-event=""${escapeHtml(p.id)}""`:p.kind===""after""?`data-after-program=""${escapeHtml(p.id)}""`:`data-program=""${escapeHtml(p.id)}""`}><i>${String(p.time||""종일"").slice(0,5)}</i><span><b>${escapeHtml(p.actualTitle||p.title||""프로그램"")}</b><small>${escapeHtml(p.place||p.department||""장소 확인"")}</small></span><em>›</em></button>`).join(""""):`<div class=""uep-empty-state uep-empty-program""><span class=""uep-empty-icon"">♧</span><div><b>오늘 운영되는 프로그램이 없습니다.</b><small>방학 중에는 예정 프로그램이 없을 수 있습니다.</small></div><footer><em>연결 프로그램 ${connectedCount}건</em><button data-page=""programs"">전체 프로그램 ›</button></footer></div>`}</div>`; } function dashboardCompactNoticesMarkup(){ const connected=Array.isArray(readonlyCache?.notices)?readonlyCache.notices:[]; const local=workBoardData(""notice"").filter(workItemVisibleToCurrentUser); const rawSource=[...local,...(connected.length?connected:(state.gradeNotices||[]))]; const source=rawSource.filter(item=>String(item?.title||"""").trim()!==""방학식 학생 안내 확인""); const rows=source.slice(0,4);"
"dashboardStudentStatusMarkup","7799","1","return `<div class=""uep-student-status-compact"">${items.map(([kind,label,value,cls])=>`<button class=""${cls}"" data-dashboard-student-status=""${kind}"" title=""${label} 상세보기""><span>${label}</span><b>${value}</b></button>`).join('')}</div>`; } function dashboardStudentStatusMarkup(){ const todayKey=dateKey(today);"
"workItemReadByCurrentUser","7955","1","return [""교감"",""교장"",""행정실""].some(role=>audience.includes(role)&&ctx.role.includes(role)); } function workItemReadByCurrentUser(item){return Array.isArray(item?.readBy)&&item.readBy.includes(currentWorkAudienceContext().name);} function noticeTargetClasses(item){ const target=String(item?.targetClass||""전체"");"
"dashboardTopAlertsMarkup","8013","1","}).filter(x=>x.priority>0).sort((a,b)=>b.priority-a.priority).slice(0,8); } function dashboardTopAlertsMarkup(){ const alerts=dashboardWorkAlerts(); if(!alerts.length)return `<section class=""uep-top-alerts is-clear""><button data-open-work-alerts><span>🔔</span><b>새 학교업무 공지 없음</b><small>오늘의 학교업무·공지에서 확인할 내용을 표시합니다.</small><em>확인 ›</em></button></section>`;"
"completionStatusMarkup","8066","1","return (DUTY_ASSIGNMENTS||[]).some(row=>String(row?.department||'').trim()==='1학년부'&&String(row?.role||'').trim()==='부장'&&String(row?.person||'').trim()===name); } function completionStatusMarkup(item){ const required=(Array.isArray(item?.requiredClasses)&&item.requiredClasses.length?item.requiredClasses:['1-1','1-2','1-3','1-4','1-5','1-6','1-7','1-8','1-9']).map(String); const completed=(Array.isArray(item?.confirmedClasses)?item.confirmedClasses:Array.isArray(item?.completedClasses)?item.completedClasses:[]).map(String);"
"openStudentCounselEdit","8261","1","}; } function openStudentCounselEdit(recordId){ const record=(readonlyCache?.counselRecords||[]).find(row=>String(row.id)===String(recordId))||(state.growthCounselRecords||[]).find(row=>String(row.id)===String(recordId)); if(!record)return toast('상담 기록을 찾지 못했습니다.');"
"todayProgramsMarkup","8394","1","return `<button class=""dashboard-program-row program-area-${programAreaKind(p)}"" data-program=""${escapeHtml(p.id)}""><time>${escapeHtml(p.time||""종일"")}</time><span><b>${escapeHtml(p.actualTitle||p.title)}</b><small>${programAreaLabel(p)} · ${escapeHtml(p.place||""장소 확인"")}</small></span><em>${Array.isArray(p.students)?p.students.length:0}명 ›</em></button>`; } function todayProgramsMarkup(){ const {selection,after}=todayProgramCollections(); return `<article class=""card program-card dashboard-program-board widget-configurable"" ${widgetAttrs(""programs"")}><div class=""card-head""><div><span class=""card-icon ci-coral"">♧</span><strong>오늘의 프로그램</strong></div><div class=""head-actions""><button data-program-sheet>시트 연결</button><button data-program-add>＋ 등록</button><button data-widget-settings=""programs"">⚙</button></div></div><div class=""dashboard-program-columns""><section><header><div><small>SELECTED PROGRAM</small><h3>공통·선택프로그램</h3></div><span>${selection.length}건</span></header><div>${selection.length?selection.map(p=>dashboardProgramItem(p,""selection"")).join(""""):'<div class=""program-empty compact"">오늘 진행되는 공통·선택프로그램이 없습니다.</div>'}</div></section><section><header><div><small>AFTER SCHOOL</small><h3>방과후·야간심화</h3></div><span>${after.length}건</span></header><div>${after.length?after.map(p=>dashboardProgramItem(p,""after"")).join(""""):'<div class=""program-empty compact"">오늘 진행되는 방과후·야간심화수업이 없습니다.</div>'}</div></section></div><div class=""widget-source-footer program-source"">출처: 선택활동 DB · 방과후 수업 · 야간심화 · 41_학교캘린더</div></article>`;"
"canRevealStudentSensitiveInfo","8434","1","return {grade:directGrade||1,classNo:directClass||Number(digits)||0}; } function canRevealStudentSensitiveInfo(){"
"signalRowsForStudent","8440","1","return /관리자|학년부장|학년총무|담임/.test(role); } function signalRowsForStudent(student){ const id=String(student?.id||student?.studentNo||''); const no=String(student?.studentNo||'');"
"openMealDutyDrawer","8453","1","return String(value).replace(/[&<>'""]/g, (ch) => ({ ""&"": ""&amp;"", ""<"": ""&lt;"", "">"": ""&gt;"", ""'"": ""&#39;"", '""': ""&quot;"" })[ch]); } function openMealDutyDrawer(){"
"retryGoogleConnection","9109","1","render(""dashboard""); } async function retryGoogleConnection() { if (!window.schoolBoard?.previewReadonlySync) return navigate(""settings"");"
"openStudentTimetableDrawer","9205","1","period.textContent = schoolPeriodStatus(now).label; } function openStudentTimetableDrawer() { $(""#drawerKicker"").textContent = ""STUDENT TIMETABLE"";"
"studentActivityOverview","9217","1","studentPopupClockTimer=setInterval(updateStudentPopupClock,1000); } function studentActivityOverview(student) { const matches=(item)=>String(item?.studentId||"""")===String(student.id||"""") || (student.studentNo && String(item?.studentNo||item?.number||"""")===String(student.studentNo)); const connected=(readonlyCache?.programs||[]).map(programWithOverride).filter(program=>studentRecordWithinEnrollment(program,student)&&(program.students||[]).some(matches));"
"sortUniversitiesByPriority","9355","1","return index<0?999:index; } function sortUniversitiesByPriority(names){ return names.slice().sort((a,b)=>universityPriorityIndex(a)-universityPriorityIndex(b)||String(a).localeCompare(String(b),'ko')); }"
"admissionPairCompatible","9425","1","return {ok:false,reason:'동일 전형 근거 부족'}; } function admissionPairCompatible(cut,rule){return admissionPairCompatibility(cut,rule).ok;} function strictAdmissionCutLimit(value){ if(value===null||value===undefined||value==='')return null;"
"studentStatsRankCard","9555","1","}; } function studentStatsRankCard(title,subtitle,metric,rows,valueFn,metaFn){ const top=rows.slice(0,10); return `<section class=""student-stat-rank-card""><div class=""student-stat-card-head""><div><h3>${escapeHtml(title)}</h3><p>${escapeHtml(subtitle)}</p></div></div><div class=""student-stat-rank-list"">${top.length?top.map((row,i)=>`<button type=""button"" class=""student-stat-rank-row"" data-stat-student=""${escapeHtml(row.student.id||'')}"" data-stat-metric=""${metric}""><em>${i+1}</em><span><b>${escapeHtml(row.student.studentNo||'')} ${escapeHtml(row.student.name||'')}</b><small>${escapeHtml(classNumberOf(row.student)||'-')}반 · ${escapeHtml(metaFn(row))}</small></span><strong>${escapeHtml(valueFn(row))}</strong></button>`).join(''):'<div class=""query-empty""><b>집계 자료가 없습니다.</b></div>'}</div></section>`;"
"sendProgramEmailNotice","10964","1","return (program.students||[]).map(item=>masters.find(s=>String(s.id)===String(item.studentId)||String(s.studentNo)===String(item.studentNo||item.number))||item); } function sendProgramEmailNotice(program){ const recipients=[...new Set(programStudentMasters(program).map(s=>String(s.email||"""").trim()).filter(v=>v&&v!==""-""&&/@/.test(v)))]; if(!recipients.length)return toast(""학생 이메일이 연결된 출석부 인원가 없습니다."");"
"prepareProgramSmsNotice","10972","1","toast(`${recipients.length}명의 메일 발송 화면을 열었습니다.`); } async function prepareProgramSmsNotice(program){ const rows=programStudentMasters(program).map(s=>`${s.studentNo||""""}\t${s.name||""""}\t${s.phone&&s.phone!==""-""?s.phone:""연락처 없음""}`); const text=`${programNoticeText(program)}\n\n[출석부 인원]\n${rows.join(""\n"")}`;"
"openProgramAttendanceQr","10977","1","try{await navigator.clipboard.writeText(text);toast(""문자 발송용 안내문과 출석부 인원 연락처를 복사했습니다."");}catch{toast(""클립보드 복사에 실패했습니다."");} } function openProgramAttendanceQr(program){ const payload=`UEP|PROGRAM|${program.programId||program.id}|${program.date||""""}|${program.actualTitle||program.title||""""}`; const url=`https://quickchart.io/qr?size=420&text=${encodeURIComponent(payload)}`;"
"copyProgramRiroNotice","11022","1","const table=`<table>${rows.map(row=>`<tr>${row.map(cell=>`<td>${xmlEscape(cell)}</td>`).join("""")}</tr>`).join("""")}</table>`; const blob=new Blob([`\ufeff<html><head><meta charset=""utf-8""></head><body>${table}</body></html>`],{type:""application/vnd.ms-excel;charset=utf-8""}); const link=document.createElement(""a""); link.href=URL.createObjectURL(blob); link.download=`${safeFileName(`${report.studentNo||student?.studentNo||""""}_${report.programName||""학생보고서""}`)}.xls`; link.click(); setTimeout(()=>URL.revokeObjectURL(link.href),1000); } async function copyProgramRiroNotice(program){ const text=`${programNoticeText(program)}\n\n※ 대상 학생은 반드시 프로그램 참여 여부와 보고서 작성 여부를 확인하기 바랍니다.`; try{await navigator.clipboard.writeText(text);toast(""리로스쿨 게시용 안내문을 복사했습니다."");}catch{toast(""클립보드 복사에 실패했습니다."");}"
"copyProgramIndividualNotices","11026","1","try{await navigator.clipboard.writeText(text);toast(""리로스쿨 게시용 안내문을 복사했습니다."");}catch{toast(""클립보드 복사에 실패했습니다."");} } async function copyProgramIndividualNotices(program){"
"copyProgramFamilyLetter","11037","1","return [`[가정통신문] ${title} 운영 안내`,`학부모님 안녕하십니까.`,`${title} 운영과 관련하여 다음과 같이 안내드립니다.`,``,`1. 일시: ${program.date||""미정""} ${program.time||""""}`,`2. 장소: ${program.place||""미정""}`,program.subject?`3. 교과: ${program.subject}`:"""",program.department?`4. 담당부서: ${program.department}`:"""",program.teacher?`5. 담당교사: ${program.teacher}`:"""",program.memo?`6. 안내사항: ${program.memo}`:"""",program.reportFormUrl?`7. 보고서 제출: ${program.reportFormUrl}`:"""",``,`학생이 안전하고 성실하게 참여할 수 있도록 협조 부탁드립니다.`].filter(Boolean).join(""\n""); } async function copyProgramFamilyLetter(program){ try{await navigator.clipboard.writeText(programFamilyLetterText(program));toast(""리로스쿨 단체 가정통신문을 복사했습니다."");}catch{toast(""클립보드 복사에 실패했습니다."");} }"
"uepCompareSelectionHistory","12356","1","return String(row.round??row['신청차수']??row['신청구분']??'').trim(); } function uepCompareSelectionHistory(rows=[]){ const byStudent=new Map(); for(const row of rows){"
"uepSchoolGrowthGapSummary","12448","1","const sdgsEvidenceCardsRendered=true;return `<div class=""growth-profile-v082""><section class=""growth-profile-intro""><div><small>STUDENT GROWTH STORY · UNESCO SCHOOL</small><h2>${escapeHtml(student.name)} 생활기록부 핵심 성장 프로파일</h2><p><b>활동의 요약이 아니라 학생의 스토리를 읽습니다.</b> 운호고의 유네스코 교육기관으로서의 지속가능발전교육 방향과, 주요 대학 인재상에서 반복적으로 강조되는 학업·탐구·자기주도·문제해결·공동체 역량을 학생의 진로·전공, 자율·진로·동아리·봉사, 선택활동, 프로그램과 보고서의 실제 근거와 함께 살펴봅니다.</p></div><span></span></section><section class=""growth-story-card""><header><div><small>CORE STORY</small><h3>이 학생을 설명하는 현재의 성장 스토리</h3></div><span>근거 기반</span></header><p>${escapeHtml(story)}</p><div class=""growth-story-source"">확인 근거 ${confirmed.reduce((n,x)=>n+x.evidence.filter(e=>e.strength==='confirmed').length,0)}건 · 연결 가능 근거 ${possible.reduce((n,x)=>n+x.evidence.length,0)+confirmed.reduce((n,x)=>n+x.evidence.filter(e=>e.strength==='possible').length,0)}건</div></section><div class=""growth-axis-grid""><section><small>01 CAREER · MAJOR</small><h3>진로·전공 관심</h3><b>${escapeHtml(hope.join(' · ')||'진로 관심 형성 중')}</b><p>선택과목과 진로희망을 함께 봅니다.</p></section><section><small>02 EXPLORATION</small><h3>핵심 탐구주제</h3><b>${escapeHtml(topics.join(' · ')||'탐구주제 형성 중')}</b><p>보고서에서 반복·심화되는 주제를 확인합니다.</p></section><section><small>03 VALUE · SDGs</small><h3>사회적 가치·SDGs</h3><b>${confirmed.length?`${confirmed.length}개 목표 근거 확인`:'확정 근거 형성 중'}</b><p>명시된 활동 근거와 내용 기반 연결 가능성을 구분합니다.</p></section><section><small>04 EVIDENCE FLOW</small><h3>학교교육과정 속 근거</h3><b>${activities.length+volunteers.length+programs.length+uniqueReports.length}건 자료 연결</b><p>자율·진로·동아리·봉사·선택활동·프로그램·보고서를 함께 읽습니다.</p></section></div><section class=""growth-teacher-guide""><header><div><small>WHY THIS LENS?</small><h3>왜 대학 인재상과 SDGs를 함께 보나요?</h3></div></header><p>대학이 요구하는 하나의 정답형 인재를 만드는 것이 아니라, 학생이 자신의 전공 관심을 깊이 탐구하면서 사회·공동체·환경·미래의 문제를 발견하고 자신의 관점으로 해석해 온 흔적을 찾기 위해서입니다. 유네스코 지속가능발전교육의 주제는 이러한 경험을 생활기록부 전반에서 연결해 읽는 가치의 렌즈로 활용합니다.</p><em>담임 지도: 무엇을 했는가 → 왜 관심을 가졌는가 → 어떤 문제를 발견했는가 → 생각이 어떻게 달라졌는가 → 다음 탐구로 어떻게 이어지는가</em></section><section class=""growth-sdg-lens""><header><div><small>EVIDENCE-BASED SDGs</small><h3>SDGs 근거 지도</h3><p>카드가 활성화되려면 보고서·봉사·학교교육과정·선택활동·프로그램 등의 실제 근거가 있어야 합니다.</p></div><span>${confirmed.length}개 확인 · ${possible.length}개 가능</span></header><div class=""growth-sdg-grid"">${chips}</div>${detail?`<div class=""growth-sdg-detail""><h4>SDG ${detail.no} ${escapeHtml(detail.name)}</h4>${detail.evidence.length?detail.evidence.map(e=>`<article><b>${escapeHtml(e.type)} · ${e.strength==='confirmed'?'근거 확인':'연결 가능'}</b><span>${escapeHtml(e.title)}</span><p>${escapeHtml((e.detail||'').slice(0,180)||'연결된 활동 근거')}</p></article>`).join(''):'<p>현재 연결 근거가 없습니다.</p>'}</div>`:''}</section></div>`; } function uepSchoolGrowthGapSummary(){ const acts=readonlyCache?.activities||[],progs=readonlyCache?.programs||[],reports=readonlyCache?.reports||[];return {evidenceCount:acts.length+progs.length+reports.length,message:'프로그램 추천은 SDG 개수를 채우기보다 학생 활동에서 부족한 탐구·공동체·사회문제 경험을 보완하는 방향으로 해석합니다.'};"
"bindSelectionAnalysis","12593","1","const __uepRecordsBefore08106=recordsView; recordsView=function(){if(recordMode==='curriculum')return uepCurriculumFinalView();const base=__uepRecordsBefore08106();if(recordMode==='sdgs'){const supplement=uepSdgsSupplementPanel(),clean=base.replace(supplement,'');return clean.replace(/<\/div>\s*$/,uepSdgsEvidenceBridge()+supplement+'</div>');}return base;}; function bindSelectionAnalysis(){ $$('[data-curriculum-workspace]').forEach(b=>b.onclick=()=>{curriculumWorkspaceMode=b.dataset.curriculumWorkspace;render('records');}); $$('[data-record-class]').forEach(b=>b.onclick=()=>{recordClassNo=b.dataset.recordClass;recordStudentId='';render('records');});"
