"name","ordinal","line","hash","chars","isLast"
"sdgsDashboard","1","5730","fb638d52b797","6017","False"
"sdgsDashboard","2","12404","4ec5af72f559","7653","True"
"findPopupRoot","1","12073","9f7a7cc420d0","2739","False"
"findPopupRoot","2","12146","932a40d3aa78","3196","True"
"applyFix","1","12091","4845405b7bf8","2042","False"
"applyFix","2","12169","479f51b94762","2357","True"
"uepStudentApplicationDetail","1","12535","136b2cd1e01c","8919","False"
"uepStudentApplicationDetail","2","12575","c6b8324f8323","9777","True"
"uepStudentApplicationView","1","12536","266e6cd0c681","7205","False"
"uepStudentApplicationView","2","12576","f03c660eb5bc","8374","True"
"uepSubjectApplicationView","1","12537","e503bdc55fba","3934","False"
"uepSubjectApplicationView","2","12578","2dc52cd03d10","5048","True"
